{
   "layout":{
      "pages":[
         {
            "id":"Sample IPAM",
            "title":"Sample IPAM endpoint",
            "sections":[
               {
                  "id":"secion_1",
                  "fields":[
                     {
                        "id":"hostName",
                        "display":"textField"
                     },
                     {
                        "id":"privateKeyId",
                        "display":"textField"
                     },
                     {
                        "id":"privateKey",
                        "display":"passwordField"
                     }
                  ]
               }
            ]
         }
      ]
   },
   "schema":{
      "hostName":{
         "type":{
            "dataType":"string"
         },
         "label":"Hostname",
         "constraints":{
            "required":true
         }
      },
      "privateKeyId":{
         "type":{
            "dataType":"string"
         },
         "label":"API Key Name",
         "constraints":{
            "required":true
         }
      },
      "privateKey":{
         "label":"API Key Secret",
         "type":{
            "dataType":"secureString"
         },
         "constraints":{
            "required":true
         }
      }
   },
   "options":{

   }
}
